{
  "items": [
    {
      "type": "item:simple",
      "entries": [
        {
          "id": "holy_silver",
          "model": "technomagestweaks:holy_silver",
          "creativeTab": "technotab"
        },
        {
          "id": "corrupted_silver",
          "model": "technomagestweaks:corrupted_silver",
          "creativeTab": "technotab"
        },
        {
          "id": "angelic_steel",
          "model": "technomagestweaks:angelic_steel",
          "creativeTab": "technotab"
        },
        {
          "id": "pure_steel",
          "model": "technomagestweaks:pure_steel",
          "creativeTab": "technotab"
        },
        {
          "id": "valerian_steel",
          "model": "technomagestweaks:valerian_steel",
          "creativeTab": "technotab"
        },
        {
          "id": "blood_diamond",
          "model": "technomagestweaks:blood_diamond",
          "creativeTab": "technotab"
        },
        {
          "id": "magical_planks",
          "model": "technomagestweaks:magical_planks",
          "creativeTab": "technotab"
        },
        {
          "id": "elven_planks",
          "model": "technomagestweaks:elven_planks",
          "creativeTab": "technotab"
        },
        {
          "id": "gaia_planks",
          "model": "technomagestweaks:gaia_planks",
          "creativeTab": "technotab"
        },
        {
          "id": "blackest_black",
          "model": "technomagestweaks:blackest_black",
          "creativeTab": "technotab"
        },
        {
          "id": "mekanistic_plate",
          "model": "technomagestweaks:mekanistic_plate",
          "creativeTab": "technotab"
        }
      ]
    },
    {
      "type": "item:sword",
      "entries": [
        {
          "id": "sword",
          "model": "technomagestweaks:sword",
          "creativeTab": "technotab",
          "maxDamage": 2000,
          "damage": 10,
          "material":"diamond"
        }
      ]
    }  
  ]
}
