{
  "content": [
    {
      "type": "guiModifier",
      "entries": [
        {
          "gui": "ingameMenu",
          "labels": [
            {
              "offsetX": 2,
              "offsetY": -2,
              "alignX": "left",
              "alignY": "bottom",
              "text": "Techno Mages!"
            }
          ],
          "editButtons": [
            {
              "buttonId": 4,
              "text": "Back to Reality",
              "offsetY": ["25%", 8]
            }
          ]
        }
      ]
    },
    {
      "type": "creativeTab",
      "entries": [
        {
          "id": "technotab",
          "icon": "technomagestweaks:sword"
        }
      ]
    },
    {
      "file": "items.json"
    },
    {
      "file": "newblocks.json"
    }
  ]
}











