{
    "blocks": [
      {
        "type": "block:fluid",
        "entries": [
            {
                "id": "molten_blackest_black",
                "density": 1000,
                "temperature": 300,
                "viscosity": 1000,
                "flowLength": 3,
                "isGaseous": false,
                "canCreateSource":  false,
                "addUniversalBucket": true,
                "texStill": "technomagestweaks:blocks/blackest_black_still",
                "texFlowing": "technomagestweaks:blocks/blackest_black_flow"
            }
        ]
    }
]
}
    